[
  {
    "Company": "A N T NURSERY",
    "Address": "1439 Perrineville Rd",
    "City": "Monroe Township",
    "Province": "NJ",
    "Country": "USA",
    "Postal Code": "8831",
    "Contact": "Antonio Iadevaia",
    "Phone": "(609) 448-1425",
    "Email": "antnursery@gmail.com",
    "": "TRUE",
    "lat": 40.3209253,
    "lng": -74.4521504
  },
  {
    "Company": "Barry's Nursery",
    "Address": "509 Old Deerfield Pike",
    "City": "Bridgeton",
    "Province": "NJ",
    "Country": "USA",
    "Postal Code": "8302",
    "Contact": "Barry Mehaffey",
    "Phone": "(856) 455-3112",
    "Email": "bcmehaffey@comcast.net",
    "": "TRUE",
    "lat": 39.4269713,
    "lng": -75.2341766
  },
  {
    "Company": "Buckley's Flower Shop Inc",
    "Address": "75 Montauk Hwy",
    "City": "East Hampton",
    "Province": "NY",
    "Country": "USA",
    "Postal Code": "11937",
    "Contact": "",
    "Phone": "(631) 324-0966",
    "Email": "buckleysflowershop@yahoo.com",
    "": "TRUE",
    "lat": 41.00415659999999,
    "lng": -72.1771541
  },
  {
    "Company": "Casper's Nurseries LLC",
    "Address": "189 Polk Ln",
    "City": "Bridgeton",
    "Province": "NJ",
    "Country": "USA",
    "Postal Code": "8302",
    "Contact": "Margret Casper",
    "Phone": "(856) 451-7788",
    "Email": "marge@caspersnurseries.com",
    "": "TRUE",
    "lat": 39.4269713,
    "lng": -75.2341766
  },
  {
    "Company": "Centerton Nursery Inc",
    "Address": "345 Woodruff Rd",
    "City": "Bridgeton",
    "Province": "NJ",
    "Country": "USA",
    "Postal Code": "8302",
    "Contact": "Amanda D’Antonio",
    "Phone": "(856) 455-0926",
    "Email": "amanda@centertonnursery.com",
    "": "TRUE",
    "lat": 39.4269713,
    "lng": -75.2341766
  },
  {
    "Company": "Chesapeake Nurseries",
    "Address": "27588 Pemberton Dr",
    "City": "Salisbury",
    "Province": "MD",
    "Country": "USA",
    "Postal Code": "21801",
    "Contact": "Matt Palmieri",
    "Phone": "",
    "Email": "matt@chesapeakenurseries.com",
    "": "TRUE",
    "lat": 38.4001474,
    "lng": -75.632447
  },
  {
    "Company": "Chesterfield Nursery LLC",
    "Address": "576 Pine Road",
    "City": "Hammonton",
    "Province": "NJ",
    "Country": "USA",
    "Postal Code": "08037-8982",
    "Contact": "Daniel Czarniak",
    "Phone": "(609) 351-8732",
    "Email": "dczarniak@yahoo.com",
    "": "TRUE",
    "lat": 39.6475257,
    "lng": -74.7886268
  },
  {
    "Company": "Cohansey Nursery",
    "Address": "187 SEELEY COHANSEY RD",
    "City": "Bridgeton",
    "Province": "NJ",
    "Country": "USA",
    "Postal Code": "8302",
    "Contact": "Lee Mayhew",
    "Phone": "(856) 453-4900",
    "Email": "cohanseynursery@gmail.com",
    "": "TRUE",
    "lat": 39.4269713,
    "lng": -75.2341766
  },
  {
    "Company": "D Johnson Farms Inc",
    "Address": "1633 Rt 77",
    "City": "Deerfield",
    "Province": "NJ",
    "Country": "USA",
    "Postal Code": "8313",
    "Contact": "Keith McIndoe",
    "Phone": "(856) 358-1123",
    "Email": "keithm@johnsonfarmsinc.com",
    "": "TRUE",
    "lat": 39.5233914,
    "lng": -75.2361835
  },
  {
    "Company": "East Coast Garden Center",
    "Address": "30366 Cordrey Rd",
    "City": "Millsboro",
    "Province": "DE",
    "Country": "USA",
    "Postal Code": "19966-4042",
    "Contact": "Mikaela",
    "Phone": "(302) 945-5853",
    "Email": "mikaela@rsclandscaping.com",
    "": "TRUE",
    "lat": 38.59150229999999,
    "lng": -75.2913018
  },
  {
    "Company": "East Coast Nurseries",
    "Address": "301 Reeves Ave",
    "City": "Riverhead",
    "Province": "NY",
    "Country": "USA",
    "Postal Code": "11901",
    "Contact": "Sadai Soto",
    "Phone": "(631) 727-8887",
    "Email": "sadai@eastcoastnurseries.com",
    "": "TRUE",
    "lat": 40.9254113,
    "lng": -72.6742455
  },
  {
    "Company": "Forest View Nursery Inc",
    "Address": "1313 Blackbird Forest Rd",
    "City": "Clayton",
    "Province": "DE",
    "Country": "USA",
    "Postal Code": "19938",
    "Contact": "Susan",
    "Phone": "(302) 653-7757",
    "Email": "Info@fvnursery.com",
    "": "TRUE",
    "lat": 39.2906671,
    "lng": -75.6343727
  },
  {
    "Company": "Four Seasons Nursery & Landscape Co LLC",
    "Address": "299 Woodward Rd",
    "City": "MANALAPAN",
    "Province": "NJ",
    "Country": "USA",
    "Postal Code": "7726",
    "Contact": "Craig Daum",
    "Phone": "(732) 547-3229",
    "Email": "cdaum@4seasonsnurserynj.com",
    "": "TRUE",
    "lat": 40.3025315,
    "lng": -74.3038049
  },
  {
    "Company": "Half Hollow Nursery",
    "Address": "2120 Main Rd",
    "City": "Laurel",
    "Province": "NY",
    "Country": "USA",
    "Postal Code": "11948",
    "Contact": "Karl Novak",
    "Phone": "(631) 298-9183",
    "Email": "karljnovak@gmail.com",
    "": "TRUE",
    "lat": 40.96191899999999,
    "lng": -72.5618894
  },
  {
    "Company": "Holly Hill Farms Inc",
    "Address": "815 Pond Neck Rd",
    "City": "Earleville",
    "Province": "MD",
    "Country": "USA",
    "Postal Code": "21919-0001",
    "Contact": "John Farrow",
    "Phone": "(410) 275-2805",
    "Email": "john@hollyhillfarms.net",
    "": "TRUE",
    "lat": 39.41539119999999,
    "lng": -75.9174417
  },
  {
    "Company": "J K Matthews Nursery LLC",
    "Address": "PO Box 379",
    "City": "Windsor",
    "Province": "NJ",
    "Country": "USA",
    "Postal Code": "8561",
    "Contact": "Matthew Gabert",
    "Phone": "(609) 209-6455",
    "Email": "matthew@jkmatthewsnursery.com",
    "": "TRUE",
    "lat": 40.2401417,
    "lng": -74.58319039999999
  },
  {
    "Company": "JMJ Farm Inc",
    "Address": "2900 Lakewood Allenwood Rd",
    "City": "Howell",
    "Province": "NJ",
    "Country": "USA",
    "Postal Code": "7731",
    "Contact": "Jeff",
    "Phone": "(732) 785-0442",
    "Email": "JMJFarm@optonline.net",
    "": "TRUE",
    "lat": 40.1407113,
    "lng": -74.2061931
  },
  {
    "Company": "L. D'Ottavio Nurseries LLC",
    "Address": "5559 Chestnut Ave",
    "City": "Vineland",
    "Province": "NJ",
    "Country": "USA",
    "Postal Code": "8360",
    "Contact": "Larry D'Ottavio",
    "Phone": "(856) 691-7843",
    "Email": "Larry@LDottavioNurseries.com",
    "": "TRUE",
    "lat": 39.4787827,
    "lng": -75.03775019999999
  },
  {
    "Company": "Levick Nursery & Farm",
    "Address": "204 Stow Creek Rd",
    "City": "Bridgeton",
    "Province": "NJ",
    "Country": "USA",
    "Postal Code": "8302",
    "Contact": "Chris Levick",
    "Phone": "(856) 207-8715",
    "Email": "christopherlevick@msn.com",
    "": "TRUE",
    "lat": 39.4269713,
    "lng": -75.2341766
  },
  {
    "Company": "Loew's Nursery",
    "Address": "20 Cake Rd",
    "City": "Bridgeton",
    "Province": "NJ",
    "Country": "USA",
    "Postal Code": "8302",
    "Contact": "Nick",
    "Phone": "(856) 451-7047",
    "Email": "nickloew@loewsnursery.com",
    "": "TRUE",
    "lat": 39.4269713,
    "lng": -75.2341766
  },
  {
    "Company": "Madden Family Farms",
    "Address": "4312 Route 27",
    "City": "Princeton",
    "Province": "NJ",
    "Country": "USA",
    "Postal Code": "8540",
    "Contact": "Melinda Madden",
    "Phone": "(732) 297-6566",
    "Email": "maddensgreenhouse@gmail.com",
    "": "TRUE",
    "lat": 40.3503931,
    "lng": -74.6571416
  },
  {
    "Company": "Marshall's Riverbank Nurseries Inc",
    "Address": "27573 Pemberton Dr",
    "City": "Salisbury",
    "Province": "MD",
    "Country": "USA",
    "Postal Code": "21801",
    "Contact": "John Marshall",
    "Phone": "(410) 251-1506",
    "Email": "johnm@mrnurseries.com",
    "": "TRUE",
    "lat": 38.4001474,
    "lng": -75.632447
  },
  {
    "Company": "Mayhew Greenhouses & Nursery",
    "Address": "813 Columbia Hwy",
    "City": "Bridgeton",
    "Province": "NJ",
    "Country": "USA",
    "Postal Code": "8302",
    "Contact": "Kyle",
    "Phone": "(856) 455-4855",
    "Email": "kbm@mayhewgn.com",
    "": "TRUE",
    "lat": 39.4269713,
    "lng": -75.2341766
  },
  {
    "Company": "Perennial Charm Nursery LLC",
    "Address": "405 Ocean Rd",
    "City": "Bridgehampton",
    "Province": "NY",
    "Country": "USA",
    "Postal Code": "11932",
    "Contact": "Kenny Tillotson",
    "Phone": "(631) 871-2647",
    "Email": "percharm@optonline.net",
    "": "TRUE",
    "lat": 40.9425715,
    "lng": -72.3133529
  },
  {
    "Company": "Pleasant Run Nursery",
    "Address": "93 Ellisdale Rd",
    "City": "Allentown",
    "Province": "NJ",
    "Country": "USA",
    "Postal Code": "8501",
    "Contact": "Trevor Provost",
    "Phone": "(609) 259-8585",
    "Email": "trevor@pleasantrunnursery.com",
    "": "TRUE",
    "lat": 40.1777885,
    "lng": -74.5843028
  },
  {
    "Company": "Richard Brusca Nursery",
    "Address": "140 Brusca LN",
    "City": "Sudlersville",
    "Province": "MD",
    "Country": "USA",
    "Postal Code": "21668",
    "Contact": "Lisa Dwyer",
    "Phone": "(410) 438-3180",
    "Email": "bruscanursery@gmail.com",
    "": "TRUE",
    "lat": 39.1870554,
    "lng": -75.8588257
  },
  {
    "Company": "Riggins Nursery",
    "Address": "525 Roadstown-Greenwich Rd",
    "City": "Bridgeton",
    "Province": "NJ",
    "Country": "USA",
    "Postal Code": "8302",
    "Contact": "Donna Riggins",
    "Phone": "(856) 455-2459",
    "Email": "drigg525@aol.com",
    "": "TRUE",
    "lat": 39.4269713,
    "lng": -75.2341766
  },
  {
    "Company": "Schlecht Nursery",
    "Address": "41 Oak St",
    "City": "Center Moriches",
    "Province": "NY",
    "Country": "USA",
    "Postal Code": "11934",
    "Contact": "Robert Schlecht",
    "Phone": "(516) 807-9502",
    "Email": "Robert@schlechtnursery.com",
    "": "TRUE",
    "lat": 40.8002863,
    "lng": -72.7865518
  },
  {
    "Company": "Seper's Nursery",
    "Address": "1003 Columbia Ave",
    "City": "Newfield",
    "Province": "NJ",
    "Country": "USA",
    "Postal Code": "8344",
    "Contact": "Danny Sepers",
    "Phone": "(856) 691-0597",
    "Email": "dan-sepersnsy@comcast.net",
    "": "TRUE",
    "lat": 39.54652859999999,
    "lng": -75.02497079999999
  },
  {
    "Company": "Statile Nurseries Inc",
    "Address": "2 Phalanx Rd",
    "City": "Colts Neck",
    "Province": "NJ",
    "Country": "USA",
    "Postal Code": "7722",
    "Contact": "Christine Romanoski",
    "Phone": "(732) 294-1980",
    "Email": "cromanoski@statileinc.com",
    "": "TRUE",
    "lat": 40.28873859999999,
    "lng": -74.1944529
  },
  {
    "Company": "TASC USA Inc.",
    "Address": "305 Bond St.",
    "City": "Asbury Park",
    "Province": "NJ",
    "Country": "USA",
    "Postal Code": "7712",
    "Contact": "Maureen",
    "Phone": "(732) 616-4488",
    "Email": "maureen@tascllc.com",
    "": "TRUE",
    "lat": 40.2203772,
    "lng": -74.0118206
  },
  {
    "Company": "Tidbury Creek",
    "Address": "313 Spotswood Gravel Hill Rd",
    "City": "Monroe Township",
    "Province": "NJ",
    "Country": "USA",
    "Postal Code": "8831",
    "Contact": "Pete",
    "Phone": "(732) 521-5691",
    "Email": "sales@tcfnursery.com",
    "": "TRUE",
    "lat": 40.3209253,
    "lng": -74.4521504
  },
  {
    "Company": "Zirkle's Nursery",
    "Address": "473 Sheppards Mill Rd",
    "City": "Bridgeton",
    "Province": "NJ",
    "Country": "USA",
    "Postal Code": "8302",
    "Contact": "Joseph Zirkle",
    "Phone": "(856) 207-3548",
    "Email": "joe@zirklesnursery.com",
    "": "TRUE",
    "lat": 39.4269713,
    "lng": -75.2341766
  },
  {
    "Company": "Abbotsford Nursery",
    "Address": "605 Principale",
    "City": "Saint-Paul-d'Abbotsford",
    "Province": "QC",
    "Country": "CAN",
    "Postal Code": "J0E A1O",
    "Contact": "Christian Lacasse",
    "Phone": "(450) 379-5777",
    "Email": "clacasse@pepiniereabbotsford.com",
    "": "TRUE",
    "lat": 45.4349208,
    "lng": -72.8691547
  },
  {
    "Company": "Abbotsford Nursery",
    "Address": "605 Principale",
    "City": "Saint-Paul-d'Abbotsford",
    "Province": "QC",
    "Country": "CAN",
    "Postal Code": "J0E A1O",
    "Contact": "Jocelyn Gratton ",
    "Phone": "(450) 379-5777",
    "Email": "jgratton@pepiniereabbotsford.com",
    "": "TRUE",
    "lat": 45.4349208,
    "lng": -72.8691547
  },
  {
    "Company": "Abbotsford Nursery",
    "Address": "605 Principale",
    "City": "Saint-Paul-d'Abbotsford",
    "Province": "QC",
    "Country": "CAN",
    "Postal Code": "J0E A1O",
    "Contact": "Josée Menard",
    "Phone": "(450) 379-5777",
    "Email": "admin@pepiniereabbotsford.com",
    "": "TRUE",
    "lat": 45.4349208,
    "lng": -72.8691547
  },
  {
    "Company": "Abbotsford Nursery",
    "Address": "605 Principale",
    "City": "Saint-Paul-d'Abbotsford",
    "Province": "QC",
    "Country": "CAN",
    "Postal Code": "J0E A1O",
    "Contact": "Pierre-Marc Paquette",
    "Phone": "(450) 379-5777",
    "Email": "pmpaquette@pepiniereabbotsford.com",
    "": "TRUE",
    "lat": 45.4349208,
    "lng": -72.8691547
  },
  {
    "Company": "Blue Sky Nursery",
    "Address": "4659 King Street East",
    "City": "Beamsville",
    "Province": "ON",
    "Country": "CAN",
    "Postal Code": "L0R 1B1",
    "Contact": "Peter Zwaagstra",
    "Phone": "(905) 563-4245",
    "Email": "nursery@blueskynursery.ca",
    "": "TRUE",
    "lat": 43.166183,
    "lng": -79.4577314
  },
  {
    "Company": "Blue Sky Nursery",
    "Address": "4659 King Street East",
    "City": "Beamsville",
    "Province": "ON",
    "Country": "CAN",
    "Postal Code": "L0R 1B1",
    "Contact": "Clinton Klamer",
    "Phone": "(905) 563-4245",
    "Email": "production@blueskynursery.ca",
    "": "TRUE",
    "lat": 43.166183,
    "lng": -79.4577314
  },
  {
    "Company": "Brookdale Treeland Nurseries",
    "Address": "6050 17th Sideroad",
    "City": "Schomberg",
    "Province": "ON",
    "Country": "CAN",
    "Postal Code": "L0G1T0",
    "Contact": "Mike Petersen",
    "Phone": "(905) 859-4571",
    "Email": "mike.petersen@btn.ca",
    "": "TRUE",
    "lat": 44.0008729,
    "lng": -79.6831472
  },
  {
    "Company": "Brookdale Treeland Nurseries",
    "Address": "6050 17th Sideroad",
    "City": "Schomberg",
    "Province": "ON",
    "Country": "CAN",
    "Postal Code": "L0G1T0",
    "Contact": "Jason Rekker",
    "Phone": "(905) 859-4571",
    "Email": "jason.Rekker@btn.ca",
    "": "TRUE",
    "lat": 44.0008729,
    "lng": -79.6831472
  },
  {
    "Company": "Canadale Nurseries Ltd.",
    "Address": "269 Sunset Dr.",
    "City": "St. Thomas",
    "Province": "ON",
    "Country": "CAN",
    "Postal Code": "N5R3C4",
    "Contact": "Robb Parmeter",
    "Phone": "(519) 631-7264",
    "Email": "Robb@canadale.com",
    "": "TRUE",
    "lat": 42.7525334,
    "lng": -81.1892182
  },
  {
    "Company": "Center Du Jardin Deux-Montagnes",
    "Address": "920 Montée Laurin",
    "City": "Saint-Eustache",
    "Province": "QC",
    "Country": "CAN",
    "Postal Code": "J7R 0J2",
    "Contact": "Mariève Dyotte",
    "Phone": "(450) 472-5520 (Ext 226)",
    "Email": "marieve@jardin2m.com",
    "": "TRUE",
    "lat": 45.57243,
    "lng": -73.9842779
  },
  {
    "Company": "Centre Jardin De L'Aeroport",
    "Address": "1762 Airport Road",
    "City": "Quebec City",
    "Province": "QC",
    "Country": "CAN",
    "Postal Code": "G2G 2P6",
    "Contact": "Mario Paquet",
    "Phone": "(418) 564-5844",
    "Email": "m.paquet@jardindeaeroport.com",
    "": "TRUE",
    "lat": 46.8062992,
    "lng": -71.3820738
  },
  {
    "Company": "Connon Nurseries (AVK)",
    "Address": "1724 Concession 4",
    "City": "Rockton",
    "Province": "ON",
    "Country": "CAN",
    "Postal Code": "L0R1X0",
    "Contact": "Dan Vander Kruk ",
    "Phone": "(519) 647-3997",
    "Email": "dan@avknursery.com",
    "": "TRUE",
    "lat": 43.3032387,
    "lng": -80.13029689999999
  },
  {
    "Company": "Connon Nurseries Inc. (CBV)",
    "Address": "656 Robson Road",
    "City": "Waterdown",
    "Province": "ON",
    "Country": "CAN",
    "Postal Code": "L8B 1H1",
    "Contact": "Rob Vanderkruk",
    "Phone": "(905) 689-7433",
    "Email": "rvanderkruk@connon.ca",
    "": "TRUE",
    "lat": 43.3564739,
    "lng": -79.8926809
  },
  {
    "Company": "Connon Nurseries Inc. (CBV)",
    "Address": "656 Robson Road",
    "City": "Waterdown",
    "Province": "ON",
    "Country": "CAN",
    "Postal Code": "L8B 1H1",
    "Contact": "Alannah Vanderkruk",
    "Phone": "(905) 689-7433",
    "Email": "avanderkruk@connon.ca",
    "": "TRUE",
    "lat": 43.3564739,
    "lng": -79.8926809
  },
  {
    "Company": "Connon Nurseries Inc. (CBV)",
    "Address": "656 Robson Road",
    "City": "Waterdown",
    "Province": "ON",
    "Country": "CAN",
    "Postal Code": "L8B 1H1",
    "Contact": "Jeff Buchner ",
    "Phone": "(905) 689-7433",
    "Email": "jbuchner@connon.ca",
    "": "TRUE",
    "lat": 43.3564739,
    "lng": -79.8926809
  },
  {
    "Company": "Country View Nursery",
    "Address": "365179 Evergreen Street",
    "City": "Burgessville",
    "Province": "ON",
    "Country": "CAN",
    "Postal Code": "N0J 1C0",
    "Contact": "Johanna Niewenhuis",
    "Phone": "(519) 424-9696",
    "Email": "info@countryviewnursery.com",
    "": "TRUE",
    "lat": 43.0220151,
    "lng": -80.65211390000002
  },
  {
    "Company": "Creek View Acres",
    "Address": "400 Johnson Rd",
    "City": "Brantford",
    "Province": "ON",
    "Country": "CAN",
    "Postal Code": "N3T 5M1",
    "Contact": "Christi Garneau",
    "Phone": "(226) 802-1217",
    "Email": "christigarneau@gmail.com",
    "": "TRUE",
    "lat": 43.1809592,
    "lng": -80.1707662
  },
  {
    "Company": "Davishill Nursery",
    "Address": "1258 Highway #4",
    "City": "Walkerton",
    "Province": "ON",
    "Country": "CAN",
    "Postal Code": "N0G 2V0",
    "Contact": "Jeff Davis",
    "Phone": "(519) 507-5050",
    "Email": "davishill@wightman.ca",
    "": "TRUE",
    "lat": 44.1313,
    "lng": -81.15071800000001
  },
  {
    "Company": "Dutchmaster Nurseries Ltd",
    "Address": "3725 Sideline 16",
    "City": "Pickering",
    "Province": "ON",
    "Country": "CAN",
    "Postal Code": "L1Y 0A7",
    "Contact": "Dave Tillaart",
    "Phone": "(905) 683-8211",
    "Email": "dave@dutchmasternurseries.com",
    "": "TRUE",
    "lat": 43.9270845,
    "lng": -79.0955723
  },
  {
    "Company": "Green Park Nurseries",
    "Address": "430 Metler Rd",
    "City": "Ridgeville",
    "Province": "ON",
    "Country": "CAN",
    "Postal Code": "L0S1M0",
    "Contact": "Karl Vahrmeyer",
    "Phone": "(905) 658-9493",
    "Email": "greenpark203@hotmail.com",
    "": "TRUE",
    "lat": 43.0336108,
    "lng": -79.30993699999999
  },
  {
    "Company": "Hillen Nursery",
    "Address": "R.R.#2, 23078 Adelaide Rd.",
    "City": "Mt. Brydges",
    "Province": "ON",
    "Country": "CAN",
    "Postal Code": "N0L 1W0",
    "Contact": "Ben Hillen",
    "Phone": "(519) 264-9057",
    "Email": "ben@hillennursery.com",
    "": "TRUE",
    "lat": 42.9096845,
    "lng": -81.4958601
  },
  {
    "Company": "Hill's Florist & Greenhouses",
    "Address": "182 Lindsay Street South",
    "City": "Lindsay",
    "Province": "ON",
    "Country": "CAN",
    "Postal Code": "K9V 2N3",
    "Contact": "Roger Hill",
    "Phone": "(705) 324-2412",
    "Email": "roger@hillsflorist.ca",
    "": "TRUE",
    "lat": 44.3446591,
    "lng": -78.72849
  },
  {
    "Company": "Islington Nurseries Ltd.",
    "Address": "43 Goldthorne Avenue",
    "City": "Etobicoke",
    "Province": "ON",
    "Country": "CAN",
    "Postal Code": "M8Z4X3",
    "Contact": "John Mantel",
    "Phone": "1 (416) 684-3843",
    "Email": "JohnMantel@islingtonnurseries.com",
    "": "TRUE",
    "lat": 43.6150908,
    "lng": -79.5183641
  },
  {
    "Company": "Jardin Dion",
    "Address": "121 rue St-Charles",
    "City": "Sainte-Therese",
    "Province": "QC",
    "Country": "CAN",
    "Postal Code": "J7E 2A9",
    "Contact": "Mathieu Poirier",
    "Phone": "(450) 430-7710",
    "Email": "mathieu.poirier@jardindion.com",
    "": "TRUE",
    "lat": 45.6418384,
    "lng": -73.8535136
  },
  {
    "Company": "Jardissimo Pepiniere Lorrain",
    "Address": "2820 Boul Labelle",
    "City": "Prevost",
    "Province": "QC",
    "Country": "CAN",
    "Postal Code": "J0R 1T0",
    "Contact": "Jean Denis",
    "Phone": "(450) 224-2000",
    "Email": "jean@pepinierelorrain.ca",
    "": "TRUE",
    "lat": 45.8671566,
    "lng": -74.050975
  },
  {
    "Company": "Jardissimo Pepiniere Lorrain",
    "Address": "2820 Boul Labelle",
    "City": "Prevost",
    "Province": "QC",
    "Country": "CAN",
    "Postal Code": "J0R 1T0",
    "Contact": "Jean Denis",
    "Phone": "(450) 224-2000",
    "Email": "arbusteslachute@gmail.com",
    "": "TRUE",
    "lat": 45.8671566,
    "lng": -74.050975
  },
  {
    "Company": "Kobes Nurseries Inc.",
    "Address": "R.R.#1, 4765 Old Scugog Road",
    "City": "Bowmanville",
    "Province": "ON",
    "Country": "CAN",
    "Postal Code": "L1C6T4",
    "Contact": "Ben Kobes",
    "Phone": "(905) 263-8814",
    "Email": "ben@kobesnurseries.com",
    "": "TRUE",
    "lat": 43.9640143,
    "lng": -78.7327416
  },
  {
    "Company": "La Fruiterie Champetre Inc.",
    "Address": "155 Ridge",
    "City": "Stanbridge East",
    "Province": "QC",
    "Country": "CAN",
    "Postal Code": "J0J 2H0",
    "Contact": "Jean Bernier",
    "Phone": "(450) 542-2061",
    "Email": "jbeaulac4@yahoo.com",
    "": "TRUE",
    "lat": 45.1000898,
    "lng": -72.923143
  },
  {
    "Company": "Langendoen Nurseries Inc.",
    "Address": "152 Carlton Street E.",
    "City": "Niagara On The Lake",
    "Province": "ON",
    "Country": "CAN",
    "Postal Code": "L0S 1J0",
    "Contact": " Andre Langendoen ",
    "Phone": "(905) 688-2797",
    "Email": "andre@langendoennurseries.com",
    "": "TRUE",
    "lat": 43.1858918,
    "lng": -79.1209829
  },
  {
    "Company": "Les Pepinieres Trussart Inc.",
    "Address": "427 Grande Cote Est",
    "City": "Lanoraie",
    "Province": "QC",
    "Country": "CAN",
    "Postal Code": "J0K1E0",
    "Contact": "Mathieu Lagacé",
    "Phone": "514 791-7158",
    "Email": "mlagace@olivahorticulture.ca",
    "": "TRUE",
    "lat": 45.991333,
    "lng": -73.2335727
  },
  {
    "Company": "Les Pepinieres Trussart Inc.",
    "Address": "427 Grande Cote Est",
    "City": "Lanoraie",
    "Province": "QC",
    "Country": "CAN",
    "Postal Code": "J0K1E0",
    "Contact": "Martin Breault ",
    "Phone": "514 791-7158",
    "Email": "martin.breault@pepinierestrussart.ca",
    "": "TRUE",
    "lat": 45.991333,
    "lng": -73.2335727
  },
  {
    "Company": "Northland Nursery",
    "Address": "722 5th Concession West",
    "City": "Waterdown",
    "Province": "ON",
    "Country": "CAN",
    "Postal Code": "L8B 1L6",
    "Contact": "Sara Brown",
    "Phone": "(905) 689-5034",
    "Email": "orders@northlandnursery.com",
    "": "TRUE",
    "lat": 43.3247102,
    "lng": -79.90303709999999
  },
  {
    "Company": "NVK Nurseries",
    "Address": "PO Box 200",
    "City": "Dundas",
    "Province": "ON",
    "Country": "CAN",
    "Postal Code": "L0R 2H0",
    "Contact": "Derek Mantel",
    "Phone": "(905) 628-0112",
    "Email": "derekm@nvknurseries.com",
    "": "TRUE",
    "lat": 43.3867711,
    "lng": -79.8299099
  },
  {
    "Company": "Paterno Nurseries",
    "Address": "R R #2",
    "City": "Dundas",
    "Province": "ON",
    "Country": "CAN",
    "Postal Code": "L9H 5E2",
    "Contact": "Ben Paterno",
    "Phone": "(905) 689-6035",
    "Email": "ben@paternonurseries.com",
    "": "TRUE",
    "lat": 43.297545,
    "lng": -79.96962769999999
  },
  {
    "Company": "Pepiniere Borealis",
    "Address": "2565 Rue Mathias",
    "City": "Jonquiere",
    "Province": "QC",
    "Country": "CAN",
    "Postal Code": "G7X 7V3",
    "Contact": "Mathieu Ouellette",
    "Phone": "(418) 699-1313",
    "Email": "pepiniereborealis@hotmail.com",
    "": "TRUE",
    "lat": 48.3723956,
    "lng": -71.19987379999999
  },
  {
    "Company": "Pepiniere Boucher pour Sylvestria",
    "Address": "100 Rang St-Louis",
    "City": "St-Fulgence",
    "Province": "QC",
    "Country": "CAN",
    "Postal Code": "G0V 1S0",
    "Contact": "Isabelle Boucher",
    "Phone": "(418) 672-2808",
    "Email": "i.boucher@sylvestria.com",
    "": "TRUE",
    "lat": 48.4510191,
    "lng": -70.9054787
  },
  {
    "Company": "Pepiniere Cramer Inc.",
    "Address": "1002,chemin St-dominique",
    "City": "Les Cedres",
    "Province": "QC",
    "Country": "CAN",
    "Postal Code": "J7T3A1",
    "Contact": "Billy Beauchamp ",
    "Phone": "(450) 452-2121",
    "Email": "william.beauchamp@cramer.ca",
    "": "TRUE",
    "lat": 45.3095043,
    "lng": -74.05907789999999
  },
  {
    "Company": "Pepiniere L'Avenir Inc.",
    "Address": "209 Principale",
    "City": "L'Avenir",
    "Province": "QC",
    "Country": "CAN",
    "Postal Code": "J0C 1B0",
    "Contact": "Dominic Anger",
    "Phone": "819-475-7403",
    "Email": "Dominic@pepinierelavenir.com",
    "": "TRUE",
    "lat": 45.7634586,
    "lng": -72.30368729999999
  },
  {
    "Company": "Pepiniere Lemay Inc.",
    "Address": "256, rang Saint-Henri",
    "City": "Lanoraie",
    "Province": "QC",
    "Country": "CAN",
    "Postal Code": "J0K1E0",
    "Contact": "Sebastien Lemay",
    "Phone": "(450) 887-2761",
    "Email": "sebastien@pepinierelemay.com",
    "": "TRUE",
    "lat": 45.991333,
    "lng": -73.2335727
  },
  {
    "Company": "Pepiniere Mont-Yamaska, Inc",
    "Address": "830, Rang de la Montagne, CP 389",
    "City": "Saint-Paul-d'Abbotsford",
    "Province": "QC",
    "Country": "CAN",
    "Postal Code": "J0E 1A0",
    "Contact": "Marie",
    "Phone": "(450) 379-5000",
    "Email": "commande@pepinieremontyamaska.ca",
    "": "TRUE",
    "lat": 45.4225068,
    "lng": -72.8865532
  },
  {
    "Company": "Pepiniere Soleil",
    "Address": "3260 Rang de la Riviere N",
    "City": "Saint-Jean-Baptiste",
    "Province": "QC",
    "Country": "CAN",
    "Postal Code": "J0L 2B0",
    "Contact": "Frederic Ouellet",
    "Phone": "(450) 281-1782",
    "Email": "fouellet@pepinieresoleil.com",
    "": "TRUE",
    "lat": 45.5205812,
    "lng": -73.12386080000002
  },
  {
    "Company": "Pepiniere St. Paul de Joliette Inc.",
    "Address": "399 Boul Brassard, C.P. 280",
    "City": "St- Paul de Joliette",
    "Province": "QC",
    "Country": "CAN",
    "Postal Code": "JOK3E0",
    "Contact": "Marjorie Desroches",
    "Phone": "450-754-2832",
    "Email": "grossiste@pepinierestpaul.biz",
    "": "TRUE",
    "lat": 45.984348,
    "lng": -73.44648099999999
  },
  {
    "Company": "Pepiniere Villeneuve",
    "Address": "951 rang de la Presqu'ile",
    "City": "L'Assomption",
    "Province": "QC",
    "Country": "CAN",
    "Postal Code": "J5W 3P4",
    "Contact": "Camille Lepine",
    "Phone": "(514) 589-7158",
    "Email": "camillelepine@pepinierevilleneuve.com",
    "": "TRUE",
    "lat": 45.8163057,
    "lng": -73.46750829999999
  },
  {
    "Company": "Pepiniere Y.Yvon Auclair et fils",
    "Address": "1386 chemin Ozias-Leduc",
    "City": "Mont-St-Hilaire",
    "Province": "QC",
    "Country": "CAN",
    "Postal Code": "J3G 1T9",
    "Contact": "Maxime Auclair ",
    "Phone": "(450) 467-3832",
    "Email": "maximepaul.auclair@hotmail.com",
    "": "TRUE",
    "lat": 45.5298363,
    "lng": -73.2013722
  },
  {
    "Company": "Pieper Nurseries",
    "Address": "R.R.#3, 4763 Catherine St",
    "City": "Dorchester",
    "Province": "ON",
    "Country": "CAN",
    "Postal Code": "N0L1G6",
    "Contact": "Chris Pieper",
    "Phone": "(519) 268-3562",
    "Email": "chris@pieper.ca",
    "": "TRUE",
    "lat": 43.0005939,
    "lng": -81.01473
  },
  {
    "Company": "Pine View Nurseries",
    "Address": "4538 Hwy 11/17",
    "City": "Kakabeka Falls",
    "Province": "ON",
    "Country": "CAN",
    "Postal Code": "P0T 1W0",
    "Contact": "Bob Cornell",
    "Phone": "(807) 473-9411",
    "Email": "rcornell@tbaytel.net",
    "": "TRUE",
    "lat": 48.5183426,
    "lng": -89.7036636
  },
  {
    "Company": "Potters Road Nursery, Inc.",
    "Address": "144798 Potters Rd",
    "City": "Tillsonburg",
    "Province": "ON",
    "Country": "CAN",
    "Postal Code": "N4G 4G7",
    "Contact": "Shane Way",
    "Phone": "(519) 688-0437",
    "Email": "shane@pottersroadnursery.com",
    "": "TRUE",
    "lat": 42.8808465,
    "lng": -80.6659842
  },
  {
    "Company": "Richard St. Aubin",
    "Address": "391 rue Remi",
    "City": "Saint-Amable",
    "Province": "QC",
    "Country": "CAN",
    "Postal Code": "J0L1N0",
    "Contact": "Nicolas St-Aubin",
    "Phone": "(450) 649-3660",
    "Email": "nicolas@pepinierestaubin.ca",
    "": "TRUE",
    "lat": 45.656377,
    "lng": -73.300448
  },
  {
    "Company": "Sleepy Hollow Flowers",
    "Address": "584 Ofield Road North",
    "City": "Dundas",
    "Province": "ON",
    "Country": "CAN",
    "Postal Code": "L9H 5E2",
    "Contact": "Derrick Young",
    "Phone": "(905) 971-8246",
    "Email": "maveryk@sympatico.ca",
    "": "TRUE",
    "lat": 43.297545,
    "lng": -79.96962769999999
  },
  {
    "Company": "Woolverton Nursery",
    "Address": "202 Woolverton Rd.",
    "City": "Grimsby",
    "Province": "ON",
    "Country": "CAN",
    "Postal Code": "L3M 4E7",
    "Contact": "John Van Ryn",
    "Phone": "(905) 973-5646",
    "Email": "john@woolvertonnursery.ca",
    "": "TRUE",
    "lat": 43.1707059,
    "lng": -79.5715822
  }
]